date,level,applicationName,instanceId,eventTickCount,eventId,pid,tid,message,activityId
2022-05-12T08:03:17,Error,vyas01mstr1ouw2prod,e4e81b,637879393974412113,0,26568,32,"EPiServer.Global : Unhandled exception in ASP.NET
System.IO.IOException: The process cannot access the file 'D:\home\site\wwwroot\Assets\Footer.template.html' because it is being used by another process.
   at System.IO.__Error.WinIOError(Int32 errorCode, String maybeFullPath)
   at System.IO.FileStream.Init(String path, FileMode mode, FileAccess access, Int32 rights, Boolean useRights, FileShare share, Int32 bufferSize, FileOptions options, SECURITY_ATTRIBUTES secAttrs, String msgPath, Boolean bFromProxy, Boolean useLongPath, Boolean checkHost)
   at System.IO.FileStream..ctor(String path, FileMode mode, FileAccess access, FileShare share)
   at Vy.Web.Infrastructure.Services.Footer.FooterTemplateParser.ReadFile(String fileName) in C:\projects\vy-dxp\src\Web\Infrastructure\Services\Footer\FooterService.cs:line 174
   at Vy.Web.Infrastructure.Services.Footer.FooterTemplateParser.BuildFooter(String baseUrl, Boolean includeCssReference) in C:\projects\vy-dxp\src\Web\Infrastructure\Services\Footer\FooterService.cs:line 38
   at Vy.Web.Infrastructure.Services.Footer.FooterHelper.Footer(HtmlHelper helper) in C:\projects\vy-dxp\src\Web\Infrastructure\Services\Footer\FooterHelper.cs:line 11
   at ASP._Page_Views_Shared__BaseLayout_cshtml.Execute() in d:\home\site\wwwroot\Views\Shared\_BaseLayout.cshtml:line 64
   at System.Web.WebPages.WebPageBase.ExecutePageHierarchy()
   at System.Web.Mvc.WebViewPage.ExecutePageHierarchy()
   at System.Web.WebPages.WebPageBase.ExecutePageHierarchy(WebPageContext pageContext, TextWriter writer, WebPageRenderingBase startPage)
   at System.Web.WebPages.WebPageBase.<>c__DisplayClass40_0.<RenderPageCore>b__0(TextWriter writer)
   at System.Web.WebPages.WebPageBase.Write(HelperResult result)
   at System.Web.WebPages.WebPageBase.RenderSurrounding(String partialViewName, Action`1 body)
   at System.Web.WebPages.WebPageBase.PopContext()
   at System.Web.Mvc.ViewResultBase.ExecuteResult(ControllerContext context)
   at System.Web.Mvc.ControllerActionInvoker.InvokeActionResultFilterRecursive(IList`1 filters, Int32 filterIndex, ResultExecutingContext preContext, ControllerContext controllerContext, ActionResult actionResult)
   at System.Web.Mvc.ControllerActionInvoker.InvokeActionResultFilterRecursive(IList`1 filters, Int32 filterIndex, ResultExecutingContext preContext, ControllerContext controllerContext, ActionResult actionResult)
   at System.Web.Mvc.ControllerActionInvoker.InvokeActionResultFilterRecursive(IList`1 filters, Int32 filterIndex, ResultExecutingContext preContext, ControllerContext controllerContext, ActionResult actionResult)
   at System.Web.Mvc.ControllerActionInvoker.InvokeActionResultFilterRecursive(IList`1 filters, Int32 filterIndex, ResultExecutingContext preContext, ControllerContext controllerContext, ActionResult actionResult)
   at System.Web.Mvc.ControllerActionInvoker.InvokeActionResultFilterRecursive(IList`1 filters, Int32 filterIndex, ResultExecutingContext preContext, ControllerContext controllerContext, ActionResult actionResult)
   at System.Web.Mvc.ControllerActionInvoker.InvokeActionResultFilterRecursive(IList`1 filters, Int32 filterIndex, ResultExecutingContext preContext, ControllerContext controllerContext, ActionResult actionResult)
   at System.Web.Mvc.ControllerActionInvoker.InvokeActionResultFilterRecursive(IList`1 filters, Int32 filterIndex, ResultExecutingContext preContext, ControllerContext controllerContext, ActionResult actionResult)
   at System.Web.Mvc.ControllerActionInvoker.InvokeActionResultWithFilters(ControllerContext controllerContext, IList`1 filters, ActionResult actionResult)
   at System.Web.Mvc.Async.AsyncControllerActionInvoker.<>c__DisplayClass3_1.<BeginInvokeAction>b__1(IAsyncResult asyncResult)
   at System.Web.Mvc.Async.AsyncControllerActionInvoker.EndInvokeAction(IAsyncResult asyncResult)
   at System.Web.Mvc.Controller.<>c.<BeginExecuteCore>b__152_1(IAsyncResult asyncResult, ExecuteCoreState innerState)
   at System.Web.Mvc.Async.AsyncResultWrapper.WrappedAsyncVoid`1.CallEndDelegate(IAsyncResult asyncResult)
   at System.Web.Mvc.Controller.EndExecuteCore(IAsyncResult asyncResult)
   at System.Web.Mvc.Async.AsyncResultWrapper.WrappedAsyncVoid`1.CallEndDelegate(IAsyncResult asyncResult)
   at System.Web.Mvc.Controller.EndExecute(IAsyncResult asyncResult)
   at System.Web.Mvc.MvcHandler.<>c.<BeginProcessRequest>b__20_1(IAsyncResult asyncResult, ProcessRequestState innerState)
   at System.Web.Mvc.Async.AsyncResultWrapper.WrappedAsyncVoid`1.CallEndDelegate(IAsyncResult asyncResult)
   at System.Web.Mvc.MvcHandler.EndProcessRequest(IAsyncResult asyncResult)
   at System.Web.HttpApplication.CallHandlerExecutionStep.System.Web.HttpApplication.IExecutionStep.Execute()
   at System.Web.HttpApplication.<>c__DisplayClass285_0.<ExecuteStepImpl>b__0()
   at System.Web.HttpApplication.ExecuteStepImpl(IExecutionStep step)
   at System.Web.HttpApplication.ExecuteStep(IExecutionStep step, Boolean& completedSynchronously)",
2022-05-12T08:06:11,Error,vyas01mstr1ouw2prod,e4e81b,637879395718606893,0,26568,31,"EPiServer.Global : Unhandled exception in ASP.NET
System.IO.IOException: The process cannot access the file 'D:\home\site\wwwroot\Assets\Footer.template.html' because it is being used by another process.
   at System.IO.__Error.WinIOError(Int32 errorCode, String maybeFullPath)
   at System.IO.FileStream.Init(String path, FileMode mode, FileAccess access, Int32 rights, Boolean useRights, FileShare share, Int32 bufferSize, FileOptions options, SECURITY_ATTRIBUTES secAttrs, String msgPath, Boolean bFromProxy, Boolean useLongPath, Boolean checkHost)
   at System.IO.FileStream..ctor(String path, FileMode mode, FileAccess access, FileShare share)
   at Vy.Web.Infrastructure.Services.Footer.FooterTemplateParser.ReadFile(String fileName) in C:\projects\vy-dxp\src\Web\Infrastructure\Services\Footer\FooterService.cs:line 174
   at Vy.Web.Infrastructure.Services.Footer.FooterTemplateParser.BuildFooter(String baseUrl, Boolean includeCssReference) in C:\projects\vy-dxp\src\Web\Infrastructure\Services\Footer\FooterService.cs:line 38
   at Vy.Web.Infrastructure.Services.Footer.FooterHelper.Footer(HtmlHelper helper) in C:\projects\vy-dxp\src\Web\Infrastructure\Services\Footer\FooterHelper.cs:line 11
   at ASP._Page_Views_Shared__BaseLayout_cshtml.Execute() in d:\home\site\wwwroot\Views\Shared\_BaseLayout.cshtml:line 64
   at System.Web.WebPages.WebPageBase.ExecutePageHierarchy()
   at System.Web.Mvc.WebViewPage.ExecutePageHierarchy()
   at System.Web.WebPages.WebPageBase.ExecutePageHierarchy(WebPageContext pageContext, TextWriter writer, WebPageRenderingBase startPage)
   at System.Web.WebPages.WebPageBase.<>c__DisplayClass40_0.<RenderPageCore>b__0(TextWriter writer)
   at System.Web.WebPages.WebPageBase.Write(HelperResult result)
   at System.Web.WebPages.WebPageBase.RenderSurrounding(String partialViewName, Action`1 body)
   at System.Web.WebPages.WebPageBase.PopContext()
   at System.Web.Mvc.ViewResultBase.ExecuteResult(ControllerContext context)
   at System.Web.Mvc.ControllerActionInvoker.InvokeActionResultFilterRecursive(IList`1 filters, Int32 filterIndex, ResultExecutingContext preContext, ControllerContext controllerContext, ActionResult actionResult)
   at System.Web.Mvc.ControllerActionInvoker.InvokeActionResultFilterRecursive(IList`1 filters, Int32 filterIndex, ResultExecutingContext preContext, ControllerContext controllerContext, ActionResult actionResult)
   at System.Web.Mvc.ControllerActionInvoker.InvokeActionResultFilterRecursive(IList`1 filters, Int32 filterIndex, ResultExecutingContext preContext, ControllerContext controllerContext, ActionResult actionResult)
   at System.Web.Mvc.ControllerActionInvoker.InvokeActionResultFilterRecursive(IList`1 filters, Int32 filterIndex, ResultExecutingContext preContext, ControllerContext controllerContext, ActionResult actionResult)
   at System.Web.Mvc.ControllerActionInvoker.InvokeActionResultFilterRecursive(IList`1 filters, Int32 filterIndex, ResultExecutingContext preContext, ControllerContext controllerContext, ActionResult actionResult)
   at System.Web.Mvc.ControllerActionInvoker.InvokeActionResultFilterRecursive(IList`1 filters, Int32 filterIndex, ResultExecutingContext preContext, ControllerContext controllerContext, ActionResult actionResult)
   at System.Web.Mvc.ControllerActionInvoker.InvokeActionResultFilterRecursive(IList`1 filters, Int32 filterIndex, ResultExecutingContext preContext, ControllerContext controllerContext, ActionResult actionResult)
   at System.Web.Mvc.ControllerActionInvoker.InvokeActionResultWithFilters(ControllerContext controllerContext, IList`1 filters, ActionResult actionResult)
   at System.Web.Mvc.Async.AsyncControllerActionInvoker.<>c__DisplayClass3_1.<BeginInvokeAction>b__1(IAsyncResult asyncResult)
   at System.Web.Mvc.Async.AsyncControllerActionInvoker.EndInvokeAction(IAsyncResult asyncResult)
   at System.Web.Mvc.Controller.<>c.<BeginExecuteCore>b__152_1(IAsyncResult asyncResult, ExecuteCoreState innerState)
   at System.Web.Mvc.Async.AsyncResultWrapper.WrappedAsyncVoid`1.CallEndDelegate(IAsyncResult asyncResult)
   at System.Web.Mvc.Controller.EndExecuteCore(IAsyncResult asyncResult)
   at System.Web.Mvc.Async.AsyncResultWrapper.WrappedAsyncVoid`1.CallEndDelegate(IAsyncResult asyncResult)
   at System.Web.Mvc.Controller.EndExecute(IAsyncResult asyncResult)
   at System.Web.Mvc.MvcHandler.<>c.<BeginProcessRequest>b__20_1(IAsyncResult asyncResult, ProcessRequestState innerState)
   at System.Web.Mvc.Async.AsyncResultWrapper.WrappedAsyncVoid`1.CallEndDelegate(IAsyncResult asyncResult)
   at System.Web.Mvc.MvcHandler.EndProcessRequest(IAsyncResult asyncResult)
   at System.Web.HttpApplication.CallHandlerExecutionStep.System.Web.HttpApplication.IExecutionStep.Execute()
   at System.Web.HttpApplication.<>c__DisplayClass285_0.<ExecuteStepImpl>b__0()
   at System.Web.HttpApplication.ExecuteStepImpl(IExecutionStep step)
   at System.Web.HttpApplication.ExecuteStep(IExecutionStep step, Boolean& completedSynchronously)",
2022-05-12T08:18:07,Error,vyas01mstr1ouw2prod,e4e81b,637879402879149764,0,26568,65,"Vy.Web.Controllers.ApiFooterController : Unknown error parsing footer menu for language ""en""
System.IO.IOException: The process cannot access the file 'D:\home\site\wwwroot\Assets\Images\SVG\twitter.svg' because it is being used by another process.
   at System.IO.__Error.WinIOError(Int32 errorCode, String maybeFullPath)
   at System.IO.FileStream.Init(String path, FileMode mode, FileAccess access, Int32 rights, Boolean useRights, FileShare share, Int32 bufferSize, FileOptions options, SECURITY_ATTRIBUTES secAttrs, String msgPath, Boolean bFromProxy, Boolean useLongPath, Boolean checkHost)
   at System.IO.FileStream..ctor(String path, FileMode mode, FileAccess access, FileShare share)
   at Vy.Web.Infrastructure.Services.Footer.FooterTemplateParser.ReadFile(String fileName) in C:\projects\vy-dxp\src\Web\Infrastructure\Services\Footer\FooterService.cs:line 174
   at Vy.Web.Infrastructure.Services.Footer.FooterTemplateParser.CreateSocialMediaListItemNodeAsImage(LinkItem linkItem, String icon) in C:\projects\vy-dxp\src\Web\Infrastructure\Services\Footer\FooterService.cs:line 157
   at Vy.Web.Infrastructure.Services.Footer.FooterTemplateParser.BuildFooter(String baseUrl, Boolean includeCssReference) in C:\projects\vy-dxp\src\Web\Infrastructure\Services\Footer\FooterService.cs:line 114
   at Vy.Web.Controllers.ApiFooterController.GetFooter(String language) in C:\projects\vy-dxp\src\Web\Controllers\FooterController.cs:line 50",
2022-05-12T08:24:29,Error,vyas01mstr1ouw2prod,e4e81b,637879406697148097,0,26568,55,"EPiServer.Global : Unhandled exception in ASP.NET
System.IO.IOException: The process cannot access the file 'D:\home\site\wwwroot\Assets\Footer.template.html' because it is being used by another process.
   at System.IO.__Error.WinIOError(Int32 errorCode, String maybeFullPath)
   at System.IO.FileStream.Init(String path, FileMode mode, FileAccess access, Int32 rights, Boolean useRights, FileShare share, Int32 bufferSize, FileOptions options, SECURITY_ATTRIBUTES secAttrs, String msgPath, Boolean bFromProxy, Boolean useLongPath, Boolean checkHost)
   at System.IO.FileStream..ctor(String path, FileMode mode, FileAccess access, FileShare share)
   at Vy.Web.Infrastructure.Services.Footer.FooterTemplateParser.ReadFile(String fileName) in C:\projects\vy-dxp\src\Web\Infrastructure\Services\Footer\FooterService.cs:line 174
   at Vy.Web.Infrastructure.Services.Footer.FooterTemplateParser.BuildFooter(String baseUrl, Boolean includeCssReference) in C:\projects\vy-dxp\src\Web\Infrastructure\Services\Footer\FooterService.cs:line 38
   at Vy.Web.Infrastructure.Services.Footer.FooterHelper.Footer(HtmlHelper helper) in C:\projects\vy-dxp\src\Web\Infrastructure\Services\Footer\FooterHelper.cs:line 11
   at ASP._Page_Views_Shared__BaseLayout_cshtml.Execute() in d:\home\site\wwwroot\Views\Shared\_BaseLayout.cshtml:line 64
   at System.Web.WebPages.WebPageBase.ExecutePageHierarchy()
   at System.Web.Mvc.WebViewPage.ExecutePageHierarchy()
   at System.Web.WebPages.WebPageBase.ExecutePageHierarchy(WebPageContext pageContext, TextWriter writer, WebPageRenderingBase startPage)
   at System.Web.WebPages.WebPageBase.<>c__DisplayClass40_0.<RenderPageCore>b__0(TextWriter writer)
   at System.Web.WebPages.WebPageBase.Write(HelperResult result)
   at System.Web.WebPages.WebPageBase.RenderSurrounding(String partialViewName, Action`1 body)
   at System.Web.WebPages.WebPageBase.PopContext()
   at System.Web.Mvc.ViewResultBase.ExecuteResult(ControllerContext context)
   at System.Web.Mvc.ControllerActionInvoker.InvokeActionResultFilterRecursive(IList`1 filters, Int32 filterIndex, ResultExecutingContext preContext, ControllerContext controllerContext, ActionResult actionResult)
   at System.Web.Mvc.ControllerActionInvoker.InvokeActionResultFilterRecursive(IList`1 filters, Int32 filterIndex, ResultExecutingContext preContext, ControllerContext controllerContext, ActionResult actionResult)
   at System.Web.Mvc.ControllerActionInvoker.InvokeActionResultFilterRecursive(IList`1 filters, Int32 filterIndex, ResultExecutingContext preContext, ControllerContext controllerContext, ActionResult actionResult)
   at System.Web.Mvc.ControllerActionInvoker.InvokeActionResultFilterRecursive(IList`1 filters, Int32 filterIndex, ResultExecutingContext preContext, ControllerContext controllerContext, ActionResult actionResult)
   at System.Web.Mvc.ControllerActionInvoker.InvokeActionResultFilterRecursive(IList`1 filters, Int32 filterIndex, ResultExecutingContext preContext, ControllerContext controllerContext, ActionResult actionResult)
   at System.Web.Mvc.ControllerActionInvoker.InvokeActionResultFilterRecursive(IList`1 filters, Int32 filterIndex, ResultExecutingContext preContext, ControllerContext controllerContext, ActionResult actionResult)
   at System.Web.Mvc.ControllerActionInvoker.InvokeActionResultFilterRecursive(IList`1 filters, Int32 filterIndex, ResultExecutingContext preContext, ControllerContext controllerContext, ActionResult actionResult)
   at System.Web.Mvc.ControllerActionInvoker.InvokeActionResultWithFilters(ControllerContext controllerContext, IList`1 filters, ActionResult actionResult)
   at System.Web.Mvc.Async.AsyncControllerActionInvoker.<>c__DisplayClass3_1.<BeginInvokeAction>b__1(IAsyncResult asyncResult)
   at System.Web.Mvc.Async.AsyncControllerActionInvoker.EndInvokeAction(IAsyncResult asyncResult)
   at System.Web.Mvc.Controller.<>c.<BeginExecuteCore>b__152_1(IAsyncResult asyncResult, ExecuteCoreState innerState)
   at System.Web.Mvc.Async.AsyncResultWrapper.WrappedAsyncVoid`1.CallEndDelegate(IAsyncResult asyncResult)
   at System.Web.Mvc.Controller.EndExecuteCore(IAsyncResult asyncResult)
   at System.Web.Mvc.Async.AsyncResultWrapper.WrappedAsyncVoid`1.CallEndDelegate(IAsyncResult asyncResult)
   at System.Web.Mvc.Controller.EndExecute(IAsyncResult asyncResult)
   at System.Web.Mvc.MvcHandler.<>c.<BeginProcessRequest>b__20_1(IAsyncResult asyncResult, ProcessRequestState innerState)
   at System.Web.Mvc.Async.AsyncResultWrapper.WrappedAsyncVoid`1.CallEndDelegate(IAsyncResult asyncResult)
   at System.Web.Mvc.MvcHandler.EndProcessRequest(IAsyncResult asyncResult)
   at System.Web.HttpApplication.CallHandlerExecutionStep.System.Web.HttpApplication.IExecutionStep.Execute()
   at System.Web.HttpApplication.<>c__DisplayClass285_0.<ExecuteStepImpl>b__0()
   at System.Web.HttpApplication.ExecuteStepImpl(IExecutionStep step)
   at System.Web.HttpApplication.ExecuteStep(IExecutionStep step, Boolean& completedSynchronously)",
2022-05-12T08:46:55,Error,vyas01mstr1ouw2prod,e4e81b,637879420156431768,0,26568,51,"EPiServer.ContentApi.Cms.Controllers.ContentApiController : Content was not found
EPiServer.Core.ContentNotFoundException: Content was not found
   at EPiServer.ContentApi.Cms.Controllers.ContentApiController.ResultFromContent(IContent content, String expand, String select, Boolean addMetadataHeaders, ContextMode contextMode, SiteDefinition site, String remainingRoute, String language)
   at EPiServer.ContentApi.Cms.Controllers.ContentApiController.Get(String contentReference, List`1 languages, String expand, String select)",
